{
  "slide": 9,
  "cost_usd": 0.009672,
  "n_points": 37,
  "validation_errors": [
    "Self-check unparseable: [None] 362+1107+698+989=3156; 368+1183+822+1091=3464",
    "Self-check unparseable: [None] 91+304+178+210=784; 90+281+213+312=896; 82+284+188+274=829; 96+296+218+282=892; 100+321+203+223=847"
  ],
  "self_checks": [
    "[None] 362+1107+698+989=3156; 368+1183+822+1091=3464",
    "[None] 91+304+178+210=784; 90+281+213+312=896; 82+284+188+274=829; 96+296+218+282=892; 100+321+203+223=847"
  ],
  "usages": [
    {
      "pass": "1s",
      "prompt_tokens": 0,
      "output_tokens": 3396,
      "est_cost_usd": 0.00849
    },
    {
      "pass": "2c",
      "prompt_tokens": 0,
      "output_tokens": 473,
      "est_cost_usd": 0.001182
    }
  ]
}