{
  "slide": 12,
  "cost_usd": 0.009855,
  "n_points": 35,
  "validation_errors": [
    "Self-check unparseable: [Specific allowance on loans ($m)] 1063+873=1936; 1139+762=1901; 439+212=651; 156+133=289; 273+1=274; 479+687=1166; 231+172=403"
  ],
  "self_checks": [
    "[Specific allowance on loans ($m)] 1063+873=1936; 1139+762=1901; 439+212=651; 156+133=289; 273+1=274; 479+687=1166; 231+172=403"
  ],
  "usages": [
    {
      "pass": "1s",
      "prompt_tokens": 0,
      "output_tokens": 3426,
      "est_cost_usd": 0.008565
    },
    {
      "pass": "2c",
      "prompt_tokens": 0,
      "output_tokens": 516,
      "est_cost_usd": 0.00129
    }
  ]
}