{
  "slide": 9,
  "cost_usd": 0.014404,
  "n_points": 56,
  "validation_errors": [
    "Self-check unparseable: [None] 5086 = 101+2183+644+1240+918; 5860 = 146+2814+733+1225+942; 1236 = 33+520+127+324+232; 1503 = 16+724+227+297+239; 1395 = 31+649+185+302+228; 1581 = 51+796+183+303+248; 1381 = 48+645+138+323+227"
  ],
  "self_checks": [
    "[None] 5086 = 101+2183+644+1240+918; 5860 = 146+2814+733+1225+942; 1236 = 33+520+127+324+232; 1503 = 16+724+227+297+239; 1395 = 31+649+185+302+228; 1581 = 51+796+183+303+248; 1381 = 48+645+138+323+227"
  ],
  "usages": [
    {
      "pass": "1s",
      "prompt_tokens": 0,
      "output_tokens": 4973,
      "est_cost_usd": 0.012432
    },
    {
      "pass": "2c",
      "prompt_tokens": 0,
      "output_tokens": 789,
      "est_cost_usd": 0.001972
    }
  ]
}